0.000000000000;1.000000000000
0.000001000000;1.000000000000
0.000002000000;1.000000000000
0.000004000000;1.000000000000
0.000008000000;1.000000000000
0.000016000000;1.000000000000
0.000032000000;1.000000000000
0.000064000000;1.000000000000
0.000128000000;1.000000000000
0.000256000000;1.000000000000
0.000512000000;1.000000000000
0.001024000000;1.000000000000
0.002048000000;1.000000000000
0.004096000000;1.000000000000
0.008192000000;1.000000000000
0.016384000000;1.000000000000
0.032768000000;1.000000000000
0.065536000000;1.000000000000
0.131072000000;1.000000000000
0.231072000000;1.000000000000
0.331072000000;1.000000000000
0.431072000000;1.000000000000
0.531072000000;1.000000000000
0.631072000000;1.000000000000
0.731072000000;1.000000000000
0.831072000000;1.000000000000
0.931072000000;1.000000000000
1.000000000000;1.000000000000
1.000000000000;1.000000000000
1.000000093775;0.680440004275
1.000000187550;0.680440004659
1.000000375100;0.680440004371
1.000000750200;0.680440004371
1.000001500400;0.680440004371
1.000003000800;0.680440004371
1.000006001600;0.680440004371
1.000012003200;0.680440004371
1.000024006400;0.680440004371
1.000048012799;0.680440004371
1.000072019199;0.680440004371
1.000096025599;0.680440004371
1.000144038398;0.680440004371
1.000192051197;0.680440004371
1.000240063997;0.680440004371
1.000336089596;0.680440004371
1.000528140793;0.680440004371
1.000720191991;0.680440004371
1.000912243189;0.680440004371
1.001104294386;0.680440004371
1.001296345584;0.680440004371
1.001488396781;0.680440004371
1.001680447979;0.680440004371
1.001872499177;0.680440004371
1.002064550374;0.680440004371
1.002256601572;0.680440004371
1.002448652770;0.680440004371
1.002640703967;0.680440004371
1.002832755165;0.680440004371
1.003024806363;0.680440004371
1.003216857560;0.680440004371
1.003408908758;0.680440004371
1.003600959955;0.680440004371
1.003793011153;0.680440004371
1.003985062351;0.680440004371
1.004177113548;0.680440004371
1.004369164746;0.680440004371
1.004561215944;0.680440004371
1.004753267141;0.680440004371
1.004945318339;0.680440004371
1.005137369537;0.680440004371
1.005329420734;0.680440004371
1.005521471932;0.680440004371
1.005713523129;0.680440004371
1.005905574327;0.680440004371
1.006097625525;0.680440004371
1.006289676722;0.680440004371
1.006481727920;0.680440004371
1.006673779118;0.680440004371
1.006865830315;0.680440004371
1.007057881513;0.680440004371
1.007249932711;0.680440004371
1.007441983908;0.680440004371
1.007634035106;0.680440004371
1.007826086303;0.680440004371
1.008018137501;0.680440004371
1.008210188699;0.680440004371
1.008402239896;0.680440004371
1.008594291094;0.680440004371
1.008786342292;0.680440004371
1.008978393489;0.680440004371
1.009170444687;0.680440004371
1.009362495884;0.680440004371
1.009554547082;0.680440004371
1.009746598280;0.680440004371
1.009938649477;0.680440004371
1.010130700675;0.680440004371
1.010322751873;0.680440004371
1.010514803070;0.680440004371
1.010898905466;0.680440004371
1.011244597621;0.680440004371
1.011590289777;0.680440004371
1.011935981933;0.680440004371
1.012281674089;0.680440004371
1.012627366244;0.680440004371
1.012973058400;0.680440004371
1.013318750556;0.680440004371
1.013664442711;0.680440004371
1.014010134867;0.680440004371
1.014355827023;0.680440004371
1.014701519179;0.680440004371
1.015047211334;0.680440004371
1.015392903490;0.680440004371
1.015738595646;0.680440004371
1.016084287802;0.680440004371
1.016429979957;0.680440004371
1.016775672113;0.680440004371
1.017121364269;0.680440004371
1.017385411612;0.680440004371
1.017385411612;0.680440004371
1.017386411612;0.680440004371
1.017387411612;0.680440004371
1.017389411612;0.680440004371
1.017393411612;0.680440004371
1.017401411612;0.680440004371
1.017417411612;0.680440004371
1.017449411612;0.680440004371
1.017513411612;0.680440004371
1.017641411612;0.680440004371
1.017897411612;0.680440004371
1.018153411612;0.680440004371
1.018665411612;0.680440004371
1.019115009583;0.680440004371
1.019564607554;0.680440004371
1.020014205525;0.680440004371
1.020463803496;0.680440004371
1.020913401467;0.680440004371
1.021362999437;0.680440004371
1.021812597408;0.680440004371
1.022262195379;0.680440004371
1.022711793350;0.680440004371
1.023161391321;0.680440004371
1.023610989292;0.680440004371
1.024060587263;0.680440004371
1.024510185233;0.680440004371
1.024959783204;0.680440004371
1.025409381175;0.680440004371
1.025858979146;0.680440004371
1.026308577117;0.680440004371
1.026758175088;0.680440004371
1.027207773059;0.680440004371
1.027657371030;0.680440004371
1.028106969000;0.680440004371
1.028556566971;0.680440004371
1.029006164942;0.680440004371
1.029455762913;0.680440004371
1.029905360884;0.680440004371
1.030354958855;0.680440004371
1.030804556826;0.680440004371
1.031254154796;0.680440004371
1.031703752767;0.680440004371
1.032153350738;0.680440004371
1.032602948709;0.680440004371
1.033052546680;0.680440004371
1.033502144651;0.680440004371
1.033951742622;0.680440004371
1.034401340593;0.680440004371
1.034850938563;0.680440004371
1.035300536534;0.680440004371
1.035750134505;0.680440004371
1.036199732476;0.680440004371
1.036649330447;0.680440004371
1.037098928418;0.680440004371
1.037548526389;0.680440004371
1.037998124359;0.680440004371
1.038897320301;0.680440004371
1.039706596649;0.680440004371
1.040515872996;0.680440004371
1.041325149344;0.680440004371
1.042134425691;0.680440004371
1.042943702039;0.680440004371
1.043752978387;0.680440004371
1.044562254734;0.680440004371
1.045371531082;0.680440004371
1.046180807429;0.680440004371
1.046990083777;0.680440004371
1.047799360124;0.680440004371
1.048608636472;0.680440004371
1.049417912820;0.680440004371
1.050227189167;0.680440004371
1.051036465515;0.680440004371
1.051845741862;0.680440004371
1.052655018210;0.680440004371
1.053464294557;0.680440004371
1.054273570905;0.680440004371
1.055082847252;0.680440004371
1.055892123600;0.680440004371
1.056701399948;0.680440004371
1.058319952643;0.680440004371
1.059776650068;0.680440004371
1.061233347494;0.680440004371
1.062690044919;0.680440004371
1.064146742345;0.680440004371
1.065603439771;0.680440004371
1.067060137196;0.680440004371
1.068516834622;0.680440004371
1.069973532048;0.680440004371
1.071430229473;0.680440004371
1.072886926899;0.680440004371
1.074343624324;0.680440004371
1.075800321750;0.680440004371
1.078713716601;0.680440004371
1.081627111452;0.680440004371
1.084540506304;0.680440004371
1.087453901155;0.680440004371
1.090367296006;0.680440004371
1.093280690857;0.680440004371
1.096194085708;0.680440004371
1.099107480560;0.680440004371
1.100000000000;0.680440004371
1.100000000000;1.000000000000
1.100000076714;0.904154000855
1.100000153429;0.904154000855
1.100000306858;0.904154000855
1.100000613716;0.904154000855
1.100001227433;0.904154000855
1.100002454866;0.904154000855
1.100004909732;0.904154000855
1.100009819465;0.904154000855
1.100019638930;0.904154000855
1.100039277859;0.904154000855
1.100078555719;0.904154000855
1.100157111438;0.904154000855
1.100314222875;0.904154000855
1.100628445751;0.904154000855
1.101256891502;0.904154000855
1.102513783005;0.904154000855
1.105027566010;0.904154000855
1.110055132021;0.904154000855
1.120110264041;0.904154000855
1.140220528083;0.904154000855
1.180441056166;0.904154000855
1.260882112332;0.904154000855
1.360882112332;0.904154000855
1.460882112332;0.904154000855
1.560882112332;0.904154000855
1.660882112332;0.904154000855
1.760882112332;0.904154000855
1.860882112332;0.904154000855
1.960882112332;0.904154000855
2.060882112332;0.904154000855
2.160882112332;0.904154000855
2.260882112332;0.904154000855
2.360882112332;0.904154000855
2.460882112332;0.904154000855
2.560882112332;0.904154000855
2.660882112332;0.904154000855
2.760882112332;0.904154000855
2.860882112332;0.904154000855
2.960882112332;0.904154000855
3.000000000000;0.904154000855
